{"lr": 0.009996324894330994, "data_time": 0.025841069221496583, "loss": 3.880432677268982, "decode.loss_context": 1.0639474749565125, "decode.loss_spatial": 0.5556721866130829, "decode.loss_bd_laplacian": 0.8703956782817841, "decode.loss_halo_feedback": 1.3904172897338867, "decode.acc_seg": 85.07100677490234, "time": 0.8287650108337402, "iter": 50, "memory": 16351, "step": 50}
{"lr": 0.009992574631745419, "data_time": 0.025776433944702148, "loss": 3.4555824041366576, "decode.loss_context": 0.9585216462612152, "decode.loss_spatial": 0.48891260623931887, "decode.loss_bd_laplacian": 0.7840903222560882, "decode.loss_halo_feedback": 1.2240578413009644, "decode.acc_seg": 80.15381622314453, "time": 0.7862833499908447, "iter": 100, "memory": 11251, "step": 100}
{"lr": 0.009988824212765325, "data_time": 0.024562311172485352, "loss": 3.2589632511138915, "decode.loss_context": 0.8693161964416504, "decode.loss_spatial": 0.4608591377735138, "decode.loss_bd_laplacian": 0.759809923171997, "decode.loss_halo_feedback": 1.1689780473709106, "decode.acc_seg": 79.45442962646484, "time": 0.8152331590652466, "iter": 150, "memory": 11253, "step": 150}
{"lr": 0.009985073637318917, "data_time": 0.025073742866516112, "loss": 3.0718555212020875, "decode.loss_context": 0.8274170994758606, "decode.loss_spatial": 0.4190585047006607, "decode.loss_bd_laplacian": 0.7273880481719971, "decode.loss_halo_feedback": 1.0979918718338013, "decode.acc_seg": 89.75898742675781, "time": 0.8291180610656739, "iter": 200, "memory": 11248, "step": 200}
{"lr": 0.009981322905334366, "data_time": 0.02402169704437256, "loss": 3.071626901626587, "decode.loss_context": 0.8311298668384552, "decode.loss_spatial": 0.4621315449476242, "decode.loss_bd_laplacian": 0.7128836274147033, "decode.loss_halo_feedback": 1.0654818177223206, "decode.acc_seg": 87.69952392578125, "time": 0.8149562835693359, "iter": 250, "memory": 11235, "step": 250}
{"lr": 0.00997757201673978, "data_time": 0.024817538261413575, "loss": 2.938372588157654, "decode.loss_context": 0.7771334946155548, "decode.loss_spatial": 0.3878444880247116, "decode.loss_bd_laplacian": 0.7047371566295624, "decode.loss_halo_feedback": 1.0686574518680572, "decode.acc_seg": 90.41378021240234, "time": 0.823248028755188, "iter": 300, "memory": 11239, "step": 300}
{"lr": 0.009973820971463187, "data_time": 0.02674393653869629, "loss": 2.9731971502304075, "decode.loss_context": 0.7754351735115051, "decode.loss_spatial": 0.4131949841976166, "decode.loss_bd_laplacian": 0.7153440713882446, "decode.loss_halo_feedback": 1.0692229390144348, "decode.acc_seg": 89.32656860351562, "time": 0.8356886386871338, "iter": 350, "memory": 11236, "step": 350}
{"lr": 0.009970069769432578, "data_time": 0.024492263793945312, "loss": 2.936645674705505, "decode.loss_context": 0.8302783071994781, "decode.loss_spatial": 0.41510041058063507, "decode.loss_bd_laplacian": 0.6855069994926453, "decode.loss_halo_feedback": 1.0057599663734436, "decode.acc_seg": 92.67095947265625, "time": 0.8296305894851684, "iter": 400, "memory": 11231, "step": 400}
{"lr": 0.009966318410575863, "data_time": 0.023912382125854493, "loss": 2.846787142753601, "decode.loss_context": 0.7667995572090149, "decode.loss_spatial": 0.3628429979085922, "decode.loss_bd_laplacian": 0.6835791826248169, "decode.loss_halo_feedback": 1.0335653841495513, "decode.acc_seg": 89.4469985961914, "time": 0.8212391138076782, "iter": 450, "memory": 11235, "step": 450}
{"lr": 0.009962566894820878, "data_time": 0.024912238121032715, "loss": 2.7538517713546753, "decode.loss_context": 0.7371143519878387, "decode.loss_spatial": 0.3735108613967896, "decode.loss_bd_laplacian": 0.6786629915237427, "decode.loss_halo_feedback": 0.9645635426044464, "decode.acc_seg": 85.8070068359375, "time": 0.8204718828201294, "iter": 500, "memory": 11231, "step": 500}
{"lr": 0.00995881522209543, "data_time": 0.02469933032989502, "loss": 2.8496543884277346, "decode.loss_context": 0.7979286551475525, "decode.loss_spatial": 0.3805155366659164, "decode.loss_bd_laplacian": 0.6741066396236419, "decode.loss_halo_feedback": 0.9971035659313202, "decode.acc_seg": 90.10053253173828, "time": 0.8382914304733277, "iter": 550, "memory": 11234, "step": 550}
{"lr": 0.009955063392327221, "data_time": 0.023376154899597167, "loss": 2.9495455026626587, "decode.loss_context": 0.8270128309726715, "decode.loss_spatial": 0.4248011887073517, "decode.loss_bd_laplacian": 0.6763666450977326, "decode.loss_halo_feedback": 1.0213648498058319, "decode.acc_seg": 90.23626708984375, "time": 0.8075010299682617, "iter": 600, "memory": 11225, "step": 600}
{"lr": 0.009951311405443917, "data_time": 0.02626667022705078, "loss": 2.778371977806091, "decode.loss_context": 0.7563892602920532, "decode.loss_spatial": 0.3785992980003357, "decode.loss_bd_laplacian": 0.6614430665969848, "decode.loss_halo_feedback": 0.9819403827190399, "decode.acc_seg": 90.36272430419922, "time": 0.6180289506912231, "iter": 650, "memory": 11237, "step": 650}
{"lr": 0.00994755926137311, "data_time": 0.025713515281677247, "loss": 2.8460589408874513, "decode.loss_context": 0.7976443946361542, "decode.loss_spatial": 0.4026664912700653, "decode.loss_bd_laplacian": 0.669622790813446, "decode.loss_halo_feedback": 0.9761252284049988, "decode.acc_seg": 92.55490112304688, "time": 0.8215461492538452, "iter": 700, "memory": 11228, "step": 700}
{"lr": 0.009943806960042344, "data_time": 0.024873900413513183, "loss": 2.805167293548584, "decode.loss_context": 0.7924003839492798, "decode.loss_spatial": 0.369102743268013, "decode.loss_bd_laplacian": 0.6769728422164917, "decode.loss_halo_feedback": 0.9666913092136383, "decode.acc_seg": 91.11524200439453, "time": 0.8161836862564087, "iter": 750, "memory": 11227, "step": 750}
{"lr": 0.009940054501379074, "data_time": 0.0253861665725708, "loss": 2.742856335639954, "decode.loss_context": 0.7202806413173676, "decode.loss_spatial": 0.39709975123405455, "decode.loss_bd_laplacian": 0.6623831510543823, "decode.loss_halo_feedback": 0.9630927681922913, "decode.acc_seg": 92.8690414428711, "time": 0.8229491233825683, "iter": 800, "memory": 11229, "step": 800}
{"lr": 0.009936301885310713, "data_time": 0.025210189819335937, "loss": 2.867684030532837, "decode.loss_context": 0.7871248185634613, "decode.loss_spatial": 0.3849481403827667, "decode.loss_bd_laplacian": 0.6779894769191742, "decode.loss_halo_feedback": 1.0176215469837189, "decode.acc_seg": 86.71939849853516, "time": 0.8225503921508789, "iter": 850, "memory": 11234, "step": 850}
{"lr": 0.009932549111764603, "data_time": 0.024823689460754396, "loss": 2.756497836112976, "decode.loss_context": 0.7809139966964722, "decode.loss_spatial": 0.37266228497028353, "decode.loss_bd_laplacian": 0.6527300596237182, "decode.loss_halo_feedback": 0.9501914799213409, "decode.acc_seg": 91.87401580810547, "time": 0.8145335435867309, "iter": 900, "memory": 11232, "step": 900}
{"lr": 0.00992879618066801, "data_time": 0.02651684284210205, "loss": 3.0145987987518312, "decode.loss_context": 0.8993814408779144, "decode.loss_spatial": 0.4186214357614517, "decode.loss_bd_laplacian": 0.6725075006484985, "decode.loss_halo_feedback": 1.0240884006023407, "decode.acc_seg": 91.3226547241211, "time": 0.8241612195968628, "iter": 950, "memory": 11234, "step": 950}
{"lr": 0.009925043091948148, "data_time": 0.02786707878112793, "loss": 2.728142428398132, "decode.loss_context": 0.7478822290897369, "decode.loss_spatial": 0.3663570821285248, "decode.loss_bd_laplacian": 0.6658370971679688, "decode.loss_halo_feedback": 0.9480660557746887, "decode.acc_seg": 90.96742248535156, "time": 0.8230137348175048, "iter": 1000, "memory": 11225, "step": 1000}
{"aAcc": 92.59, "mIoU": 55.61, "mAcc": 65.25, "data_time": 0.005105991363525391, "time": 0.03650895309448242, "step": 1000}
{"lr": 0.009921289845532165, "data_time": 0.026195454597473144, "loss": 2.73566792011261, "decode.loss_context": 0.7725356757640839, "decode.loss_spatial": 0.36996944546699523, "decode.loss_bd_laplacian": 0.6444830119609832,