{"lr": 0.009996324894330994, "data_time": 0.02586824893951416, "loss": 6.021607160568237, "decode.loss_sem_p": 0.596370542049408, "decode.loss_sem_i": 1.3890406250953675, "decode.loss_bd_laplacian": 2.4502572774887086, "decode.loss_sem_bd": 1.5859388828277587, "decode.acc_seg": 78.51583862304688, "time": 0.4385532855987549, "iter": 50, "memory": 9380, "step": 50}
{"lr": 0.009992574631745419, "data_time": 0.02648453712463379, "loss": 4.856103372573853, "decode.loss_sem_p": 0.40328389406204224, "decode.loss_sem_i": 1.0608107328414917, "decode.loss_bd_laplacian": 2.0377503991127015, "decode.loss_sem_bd": 1.354258394241333, "decode.acc_seg": 73.97504425048828, "time": 0.4378635406494141, "iter": 100, "memory": 6884, "step": 100}
{"lr": 0.009988824212765325, "data_time": 0.027025723457336427, "loss": 4.997413539886475, "decode.loss_sem_p": 0.4502082645893097, "decode.loss_sem_i": 1.260494190454483, "decode.loss_bd_laplacian": 1.8339961886405944, "decode.loss_sem_bd": 1.4527149319648742, "decode.acc_seg": 77.88878631591797, "time": 0.44984893798828124, "iter": 150, "memory": 6825, "step": 150}
{"lr": 0.009985073637318917, "data_time": 0.026834750175476076, "loss": 4.5294711828231815, "decode.loss_sem_p": 0.3584755092859268, "decode.loss_sem_i": 1.0834050595760345, "decode.loss_bd_laplacian": 1.6964481234550477, "decode.loss_sem_bd": 1.39114248752594, "decode.acc_seg": 88.9751205444336, "time": 0.47434110641479493, "iter": 200, "memory": 6816, "step": 200}
{"lr": 0.009981322905334366, "data_time": 0.027465343475341797, "loss": 4.484941411018371, "decode.loss_sem_p": 0.32508949339389803, "decode.loss_sem_i": 1.1944115698337554, "decode.loss_bd_laplacian": 1.6392236351966858, "decode.loss_sem_bd": 1.3262166619300841, "decode.acc_seg": 89.79521179199219, "time": 0.4761721134185791, "iter": 250, "memory": 6813, "step": 250}
{"lr": 0.00997757201673978, "data_time": 0.027236151695251464, "loss": 4.2977687358856205, "decode.loss_sem_p": 0.3284692719578743, "decode.loss_sem_i": 1.0590235590934753, "decode.loss_bd_laplacian": 1.65043705701828, "decode.loss_sem_bd": 1.2598388910293579, "decode.acc_seg": 83.3187026977539, "time": 0.47962815761566163, "iter": 300, "memory": 6814, "step": 300}
{"lr": 0.009973820971463187, "data_time": 0.026536178588867188, "loss": 3.8943155288696287, "decode.loss_sem_p": 0.2812418654561043, "decode.loss_sem_i": 0.8883951902389526, "decode.loss_bd_laplacian": 1.5748733639717103, "decode.loss_sem_bd": 1.1498051047325135, "decode.acc_seg": 86.54519653320312, "time": 0.48028953075408937, "iter": 350, "memory": 6814, "step": 350}
{"lr": 0.009970069769432578, "data_time": 0.026149988174438477, "loss": 3.746977138519287, "decode.loss_sem_p": 0.24675100445747375, "decode.loss_sem_i": 0.8477113783359528, "decode.loss_bd_laplacian": 1.4834882736206054, "decode.loss_sem_bd": 1.1690264821052552, "decode.acc_seg": 90.70574188232422, "time": 0.47783057689666747, "iter": 400, "memory": 6812, "step": 400}
{"lr": 0.009966318410575863, "data_time": 0.0268784761428833, "loss": 4.044777083396911, "decode.loss_sem_p": 0.29347771853208543, "decode.loss_sem_i": 1.0020846843719482, "decode.loss_bd_laplacian": 1.565568494796753, "decode.loss_sem_bd": 1.1836461842060089, "decode.acc_seg": 81.88456726074219, "time": 0.47501506805419924, "iter": 450, "memory": 6815, "step": 450}
{"lr": 0.009962566894820878, "data_time": 0.02690892219543457, "loss": 4.01728401184082, "decode.loss_sem_p": 0.27784120142459867, "decode.loss_sem_i": 1.0304553270339967, "decode.loss_bd_laplacian": 1.5102504730224608, "decode.loss_sem_bd": 1.1987369179725647, "decode.acc_seg": 88.17377471923828, "time": 0.4718731164932251, "iter": 500, "memory": 6816, "step": 500}
{"lr": 0.00995881522209543, "data_time": 0.02735717296600342, "loss": 3.93974187374115, "decode.loss_sem_p": 0.3116459459066391, "decode.loss_sem_i": 0.9206762135028839, "decode.loss_bd_laplacian": 1.535124373435974, "decode.loss_sem_bd": 1.1722952663898467, "decode.acc_seg": 88.85004425048828, "time": 0.47252027988433837, "iter": 550, "memory": 6813, "step": 550}
{"lr": 0.009955063392327221, "data_time": 0.026568007469177247, "loss": 3.755800700187683, "decode.loss_sem_p": 0.24659832268953324, "decode.loss_sem_i": 0.9207060217857361, "decode.loss_bd_laplacian": 1.4790137529373169, "decode.loss_sem_bd": 1.1094826102256774, "decode.acc_seg": 84.49125671386719, "time": 0.46462559700012207, "iter": 600, "memory": 6815, "step": 600}
{"lr": 0.009951311405443917, "data_time": 0.026971721649169923, "loss": 3.776990842819214, "decode.loss_sem_p": 0.23825203627347946, "decode.loss_sem_i": 1.0120168626308441, "decode.loss_bd_laplacian": 1.4420767903327942, "decode.loss_sem_bd": 1.0846451699733735, "decode.acc_seg": 90.72217559814453, "time": 0.46151320934295653, "iter": 650, "memory": 6816, "step": 650}
{"lr": 0.00994755926137311, "data_time": 0.027420520782470703, "loss": 3.6282134532928465, "decode.loss_sem_p": 0.24533517211675643, "decode.loss_sem_i": 0.8483405470848083, "decode.loss_bd_laplacian": 1.456351113319397, "decode.loss_sem_bd": 1.0781865656375884, "decode.acc_seg": 89.295654296875, "time": 0.46327283382415774, "iter": 700, "memory": 6814, "step": 700}
{"lr": 0.009943806960042344, "data_time": 0.026404476165771483, "loss": 3.457364797592163, "decode.loss_sem_p": 0.18172662034630777, "decode.loss_sem_i": 0.8097263932228088, "decode.loss_bd_laplacian": 1.3878701329231262, "decode.loss_sem_bd": 1.0780416488647462, "decode.acc_seg": 89.2467041015625, "time": 0.45986387729644773, "iter": 750, "memory": 6815, "step": 750}
{"lr": 0.009940054501379074, "data_time": 0.026811742782592775, "loss": 3.4776371002197264, "decode.loss_sem_p": 0.21709181368350983, "decode.loss_sem_i": 0.7836667597293854, "decode.loss_bd_laplacian": 1.4103372693061829, "decode.loss_sem_bd": 1.0665412724018097, "decode.acc_seg": 91.54631805419922, "time": 0.45460751056671145, "iter": 800, "memory": 6811, "step": 800}
{"lr": 0.009936301885310713, "data_time": 0.026407027244567872, "loss": 3.5888667345046996, "decode.loss_sem_p": 0.22791840732097626, "decode.loss_sem_i": 0.9128724217414856, "decode.loss_bd_laplacian": 1.391901469230652, "decode.loss_sem_bd": 1.0561744928359986, "decode.acc_seg": 83.15196990966797, "time": 0.45469279289245607, "iter": 850, "memory": 6810, "step": 850}
{"lr": 0.009932549111764603, "data_time": 0.02720499038696289, "loss": 3.658830094337463, "decode.loss_sem_p": 0.22783480882644652, "decode.loss_sem_i": 0.9016593217849731, "decode.loss_bd_laplacian": 1.4378232598304748, "decode.loss_sem_bd": 1.091512680053711, "decode.acc_seg": 89.1738052368164, "time": 0.4589655637741089, "iter": 900, "memory": 6813, "step": 900}
{"lr": 0.00992879618066801, "data_time": 0.0289365291595459, "loss": 3.4694422245025636, "decode.loss_sem_p": 0.205877423286438, "decode.loss_sem_i": 0.7836601436138153, "decode.loss_bd_laplacian": 1.4171735048294067, "decode.loss_sem_bd": 1.0627311289310455, "decode.acc_seg": 93.318115234375, "time": 0.4591651916503906, "iter": 950, "memory": 6817, "step": 950}
{"lr": 0.009925043091948148, "data_time": 0.028904986381530762, "loss": 3.362962174415588, "decode.loss_sem_p": 0.21525852680206298, "decode.loss_sem_i": 0.7804110944271088, "decode.loss_bd_laplacian": 1.3629977226257324, "decode.loss_sem_bd": 1.0042948186397553, "decode.acc_seg": 94.12518310546875, "time": 0.45618698596954343, "iter": 1000, "memory": 6810, "step": 1000}
{"aAcc": 90.87, "mIoU": 44.97, "mAcc": 53.03, "data_time": 0.006155158519744873, "time": 0.03545808458328247, "step": 1000}
{"lr": 0.009921289845532165, "data_time": 0.027278375625610352, "loss": 3.3425796270370483, "decode.loss_sem_p": 0.2052967518568039, "decode.loss_sem_i": 0.7979759931564331, "decode.loss_bd_laplacian": 1.3240954875946045, "decode.loss_sem_bd": 1.01521138548851, "decode.acc_seg": 93.24787902832031, "time": 0.4510148286819458, "iter": 1050, "memory": 6812, "step": 1050}
{"lr": 0.00991753644134713, "data_time": 0.02655935287475586, "loss": 3.384903383255005,