{"lr": 0.009996324894330994, "data_time": 0.02633986473083496, "loss": 3.948377013206482, "decode.loss_context": 1.0925755441188811, "decode.loss_spatial": 0.5632050693035126, "decode.loss_bd_laplacian": 0.8743755340576171, "decode.loss_halo_feedback": 1.418220865726471, "decode.acc_seg": 82.76117706298828, "time": 0.44440886974334715, "iter": 50, "memory": 16352, "step": 50}
{"lr": 0.009992574631745419, "data_time": 0.022616982460021973, "loss": 3.4439181804656984, "decode.loss_context": 0.9558980941772461, "decode.loss_spatial": 0.47836084067821505, "decode.loss_bd_laplacian": 0.7860538482666015, "decode.loss_halo_feedback": 1.223605501651764, "decode.acc_seg": 80.21761322021484, "time": 0.43849503993988037, "iter": 100, "memory": 11249, "step": 100}
{"lr": 0.009988824212765325, "data_time": 0.0225017786026001, "loss": 3.218895769119263, "decode.loss_context": 0.8468741416931153, "decode.loss_spatial": 0.4430077701807022, "decode.loss_bd_laplacian": 0.7573216199874878, "decode.loss_halo_feedback": 1.1716922402381897, "decode.acc_seg": 79.25709533691406, "time": 0.4402853727340698, "iter": 150, "memory": 11248, "step": 150}
{"lr": 0.009985073637318917, "data_time": 0.025508880615234375, "loss": 3.0857832431793213, "decode.loss_context": 0.8268799841403961, "decode.loss_spatial": 0.41779198348522184, "decode.loss_bd_laplacian": 0.7313633859157562, "decode.loss_halo_feedback": 1.1097479343414307, "decode.acc_seg": 90.53191375732422, "time": 0.44505860805511477, "iter": 200, "memory": 11247, "step": 200}
{"lr": 0.009981322905334366, "data_time": 0.028298115730285643, "loss": 3.052410054206848, "decode.loss_context": 0.8221184968948364, "decode.loss_spatial": 0.45126443207263944, "decode.loss_bd_laplacian": 0.7157647013664246, "decode.loss_halo_feedback": 1.0632624506950379, "decode.acc_seg": 86.36921691894531, "time": 0.4517370700836182, "iter": 250, "memory": 11233, "step": 250}
{"lr": 0.00997757201673978, "data_time": 0.026966571807861328, "loss": 2.9561517953872682, "decode.loss_context": 0.7844319343566895, "decode.loss_spatial": 0.38801301419734957, "decode.loss_bd_laplacian": 0.7049526989459991, "decode.loss_halo_feedback": 1.078754150867462, "decode.acc_seg": 90.49861907958984, "time": 0.44751977920532227, "iter": 300, "memory": 11233, "step": 300}
{"lr": 0.009973820971463187, "data_time": 0.027221012115478515, "loss": 2.9576529026031495, "decode.loss_context": 0.7736370146274567, "decode.loss_spatial": 0.4100672960281372, "decode.loss_bd_laplacian": 0.7085133552551269, "decode.loss_halo_feedback": 1.065435242652893, "decode.acc_seg": 89.48444366455078, "time": 0.4519709587097168, "iter": 350, "memory": 11238, "step": 350}
{"lr": 0.009970069769432578, "data_time": 0.024537277221679688, "loss": 2.9843640327453613, "decode.loss_context": 0.8470014452934265, "decode.loss_spatial": 0.43122965693473814, "decode.loss_bd_laplacian": 0.6882874727249145, "decode.loss_halo_feedback": 1.0178454637527465, "decode.acc_seg": 91.49669647216797, "time": 0.4450143575668335, "iter": 400, "memory": 11231, "step": 400}
{"lr": 0.009966318410575863, "data_time": 0.023607492446899414, "loss": 2.8484853506088257, "decode.loss_context": 0.7523133337497712, "decode.loss_spatial": 0.3690143465995789, "decode.loss_bd_laplacian": 0.6839298486709595, "decode.loss_halo_feedback": 1.0432278037071228, "decode.acc_seg": 88.95022583007812, "time": 0.4429114580154419, "iter": 450, "memory": 11235, "step": 450}
{"lr": 0.009962566894820878, "data_time": 0.027991843223571778, "loss": 2.7177069187164307, "decode.loss_context": 0.699763399362564, "decode.loss_spatial": 0.3735043853521347, "decode.loss_bd_laplacian": 0.685954874753952, "decode.loss_halo_feedback": 0.958484274148941, "decode.acc_seg": 86.9561538696289, "time": 0.45261900424957274, "iter": 500, "memory": 11233, "step": 500}
{"lr": 0.00995881522209543, "data_time": 0.02768869400024414, "loss": 2.863710641860962, "decode.loss_context": 0.8089325547218322, "decode.loss_spatial": 0.3763219088315964, "decode.loss_bd_laplacian": 0.6751132726669311, "decode.loss_halo_feedback": 1.0033429324626923, "decode.acc_seg": 90.3423080444336, "time": 0.4494436025619507, "iter": 550, "memory": 11235, "step": 550}
{"lr": 0.009955063392327221, "data_time": 0.02756056785583496, "loss": 3.0181262254714967, "decode.loss_context": 0.8646780788898468, "decode.loss_spatial": 0.434226331114769, "decode.loss_bd_laplacian": 0.6776809632778168, "decode.loss_halo_feedback": 1.0415408194065094, "decode.acc_seg": 90.51258850097656, "time": 0.4497872829437256, "iter": 600, "memory": 11225, "step": 600}
{"lr": 0.009951311405443917, "data_time": 0.027112364768981934, "loss": 2.815961790084839, "decode.loss_context": 0.7756422460079193, "decode.loss_spatial": 0.3892560929059982, "decode.loss_bd_laplacian": 0.6648996114730835, "decode.loss_halo_feedback": 0.9861638069152832, "decode.acc_seg": 89.74752044677734, "time": 0.44880828857421873, "iter": 650, "memory": 11235, "step": 650}
{"lr": 0.00994755926137311, "data_time": 0.02790067195892334, "loss": 2.8459309101104737, "decode.loss_context": 0.7812436759471894, "decode.loss_spatial": 0.40757483541965484, "decode.loss_bd_laplacian": 0.6667882680892945, "decode.loss_halo_feedback": 0.9903241097927094, "decode.acc_seg": 92.81433868408203, "time": 0.45053184032440186, "iter": 700, "memory": 11227, "step": 700}
{"lr": 0.009943806960042344, "data_time": 0.02893853187561035, "loss": 2.8579476118087768, "decode.loss_context": 0.8084459424018859, "decode.loss_spatial": 0.3827090412378311, "decode.loss_bd_laplacian": 0.6753427147865295, "decode.loss_halo_feedback": 0.991449910402298, "decode.acc_seg": 91.17498779296875, "time": 0.4504707813262939, "iter": 750, "memory": 11231, "step": 750}
{"lr": 0.009940054501379074, "data_time": 0.027018284797668456, "loss": 2.744232201576233, "decode.loss_context": 0.7199418485164643, "decode.loss_spatial": 0.39294164776802065, "decode.loss_bd_laplacian": 0.6610717475414276, "decode.loss_halo_feedback": 0.9702770113945007, "decode.acc_seg": 92.82109069824219, "time": 0.4502408504486084, "iter": 800, "memory": 11228, "step": 800}
{"lr": 0.009936301885310713, "data_time": 0.02689969539642334, "loss": 2.8709516525268555, "decode.loss_context": 0.7871821761131287, "decode.loss_spatial": 0.38061322271823883, "decode.loss_bd_laplacian": 0.6760308861732482, "decode.loss_halo_feedback": 1.0271253287792206, "decode.acc_seg": 87.7081069946289, "time": 0.44942078590393064, "iter": 850, "memory": 11226, "step": 850}
{"lr": 0.009932549111764603, "data_time": 0.02624831199645996, "loss": 2.766648364067078, "decode.loss_context": 0.7796243250370025, "decode.loss_spatial": 0.3656086415052414, "decode.loss_bd_laplacian": 0.6507802188396454, "decode.loss_halo_feedback": 0.9706351637840271, "decode.acc_seg": 92.41299438476562, "time": 0.44683759212493895, "iter": 900, "memory": 11232, "step": 900}
{"lr": 0.00992879618066801, "data_time": 0.029757475852966307, "loss": 3.0247919082641603, "decode.loss_context": 0.900585949420929, "decode.loss_spatial": 0.4191384345293045, "decode.loss_bd_laplacian": 0.6728122055530548, "decode.loss_halo_feedback": 1.0322552919387817, "decode.acc_seg": 91.5594482421875, "time": 0.4529046773910522, "iter": 950, "memory": 11234, "step": 950}
{"lr": 0.009925043091948148, "data_time": 0.026150727272033693, "loss": 2.7438862562179565, "decode.loss_context": 0.769149786233902, "decode.loss_spatial": 0.3702151358127594, "decode.loss_bd_laplacian": 0.6630772173404693, "decode.loss_halo_feedback": 0.9414441108703613, "decode.acc_seg": 90.90748596191406, "time": 0.4460590839385986, "iter": 1000, "memory": 11226, "step": 1000}
{"aAcc": 92.4, "mIoU": 54.14, "mAcc": 64.09, "data_time": 0.006725586414337158, "time": 0.020857285499572754, "step": 1000}
{"lr": 0.009921289845532165, "data_time": 0.025897407531738283, "loss": 2.7343678712844848, "decode.loss_context": 0.7802599549293519, "decode.loss_spatial": 0.36885995864868165, "decode.loss_bd_laplacian": 0.6446486353874207,