{"lr": 0.009996324894330994, "data_time": 0.044773435592651366, "loss": 5.039211702346802, "decode.loss_sem_p": 0.4848089784383774, "decode.loss_sem_i": 1.248348093032837, "decode.loss_bd_laplacian": 1.781242597103119, "decode.loss_sem_bd": 1.5248120307922364, "decode.acc_seg": 83.37217712402344, "time": 0.5005401849746705, "iter": 50, "memory": 18719, "step": 50}
{"lr": 0.009992574631745419, "data_time": 0.04246671199798584, "loss": 3.0863489389419554, "decode.loss_sem_p": 0.34714154303073885, "decode.loss_sem_i": 1.0302755057811737, "decode.loss_bd_laplacian": 0.39000066816806794, "decode.loss_sem_bd": 1.318931233882904, "decode.acc_seg": 80.60621643066406, "time": 0.5046847581863403, "iter": 100, "memory": 13525, "step": 100}
