{"lr": 0.009996324894330994, "data_time": 0.03401801586151123, "loss": 6.123188018798828, "decode.loss_sem_p": 0.615174725651741, "decode.loss_sem_i": 1.4105406880378724, "decode.loss_bd_laplacian": 2.4605712890625, "decode.loss_sem_bd": 1.636901330947876, "decode.acc_seg": 78.30548095703125, "time": 0.45047309398651125, "iter": 50, "memory": 9379, "step": 50}
{"lr": 0.009992574631745419, "data_time": 0.033561325073242186, "loss": 4.81708927154541, "decode.loss_sem_p": 0.4050849199295044, "decode.loss_sem_i": 1.0364618122577667, "decode.loss_bd_laplacian": 2.035173201560974, "decode.loss_sem_bd": 1.3403693675994872, "decode.acc_seg": 72.85496520996094, "time": 0.4472381353378296, "iter": 100, "memory": 6880, "step": 100}
{"lr": 0.009988824212765325, "data_time": 0.03502640724182129, "loss": 5.012840700149536, "decode.loss_sem_p": 0.45066129267215727, "decode.loss_sem_i": 1.2930074155330658, "decode.loss_bd_laplacian": 1.8335434436798095, "decode.loss_sem_bd": 1.4356285214424134, "decode.acc_seg": 79.3246841430664, "time": 0.47214493751525877, "iter": 150, "memory": 6820, "step": 150}
{"lr": 0.009985073637318917, "data_time": 0.03782575130462647, "loss": 4.517598414421082, "decode.loss_sem_p": 0.3636569768190384, "decode.loss_sem_i": 1.0921510457992554, "decode.loss_bd_laplacian": 1.7056844711303711, "decode.loss_sem_bd": 1.3561058282852172, "decode.acc_seg": 88.22298431396484, "time": 0.4781724214553833, "iter": 200, "memory": 6810, "step": 200}
{"lr": 0.009981322905334366, "data_time": 0.03451955318450928, "loss": 4.443964290618896, "decode.loss_sem_p": 0.3287390097975731, "decode.loss_sem_i": 1.1469242990016937, "decode.loss_bd_laplacian": 1.632142174243927, "decode.loss_sem_bd": 1.3361589193344117, "decode.acc_seg": 89.50618743896484, "time": 0.46758694648742677, "iter": 250, "memory": 6810, "step": 250}
{"lr": 0.00997757201673978, "data_time": 0.0334392786026001, "loss": 4.282160019874572, "decode.loss_sem_p": 0.33439076840877535, "decode.loss_sem_i": 1.056539523601532, "decode.loss_bd_laplacian": 1.6486161828041077, "decode.loss_sem_bd": 1.2426135897636414, "decode.acc_seg": 80.742919921875, "time": 0.46857004165649413, "iter": 300, "memory": 6810, "step": 300}
{"lr": 0.009973820971463187, "data_time": 0.03629879951477051, "loss": 3.9205362796783447, "decode.loss_sem_p": 0.2840333953499794, "decode.loss_sem_i": 0.8867940187454224, "decode.loss_bd_laplacian": 1.5813604235649108, "decode.loss_sem_bd": 1.1683484077453614, "decode.acc_seg": 85.79817199707031, "time": 0.46429507732391356, "iter": 350, "memory": 6809, "step": 350}
{"lr": 0.009970069769432578, "data_time": 0.034635615348815915, "loss": 3.8145565032958983, "decode.loss_sem_p": 0.24595786333084108, "decode.loss_sem_i": 0.8940471827983856, "decode.loss_bd_laplacian": 1.498082661628723, "decode.loss_sem_bd": 1.176468735933304, "decode.acc_seg": 91.47367095947266, "time": 0.46052894592285154, "iter": 400, "memory": 6810, "step": 400}
{"lr": 0.009966318410575863, "data_time": 0.03227558135986328, "loss": 4.036046242713928, "decode.loss_sem_p": 0.2955498307943344, "decode.loss_sem_i": 0.9938738822937012, "decode.loss_bd_laplacian": 1.571483051776886, "decode.loss_sem_bd": 1.1751394808292388, "decode.acc_seg": 82.12281036376953, "time": 0.4599954128265381, "iter": 450, "memory": 6810, "step": 450}
{"lr": 0.009962566894820878, "data_time": 0.03118786811828613, "loss": 4.017397880554199, "decode.loss_sem_p": 0.27917582243680955, "decode.loss_sem_i": 1.0218936383724213, "decode.loss_bd_laplacian": 1.5111987948417664, "decode.loss_sem_bd": 1.205129659175873, "decode.acc_seg": 87.95722198486328, "time": 0.4565376043319702, "iter": 500, "memory": 6814, "step": 500}
{"lr": 0.00995881522209543, "data_time": 0.03186819553375244, "loss": 3.933053660392761, "decode.loss_sem_p": 0.3115863144397736, "decode.loss_sem_i": 0.9236637234687806, "decode.loss_bd_laplacian": 1.5422027468681336, "decode.loss_sem_bd": 1.1556008577346801, "decode.acc_seg": 89.65088653564453, "time": 0.4602879524230957, "iter": 550, "memory": 6809, "step": 550}
{"lr": 0.009955063392327221, "data_time": 0.033726954460144044, "loss": 3.7953837394714354, "decode.loss_sem_p": 0.24857787638902665, "decode.loss_sem_i": 0.9452857971191406, "decode.loss_bd_laplacian": 1.478512167930603, "decode.loss_sem_bd": 1.1230079114437104, "decode.acc_seg": 83.4496841430664, "time": 0.46244819164276124, "iter": 600, "memory": 6810, "step": 600}
{"lr": 0.009951311405443917, "data_time": 0.032505917549133304, "loss": 3.8126957654953, "decode.loss_sem_p": 0.24005494266748428, "decode.loss_sem_i": 1.0162184894084931, "decode.loss_bd_laplacian": 1.4459081053733827, "decode.loss_sem_bd": 1.110514259338379, "decode.acc_seg": 89.99380493164062, "time": 0.4572284460067749, "iter": 650, "memory": 6811, "step": 650}
{"lr": 0.00994755926137311, "data_time": 0.034509706497192386, "loss": 3.6031601428985596, "decode.loss_sem_p": 0.2443908080458641, "decode.loss_sem_i": 0.8265261232852936, "decode.loss_bd_laplacian": 1.4550100564956665, "decode.loss_sem_bd": 1.0772331416606904, "decode.acc_seg": 87.08633422851562, "time": 0.4584939002990723, "iter": 700, "memory": 6810, "step": 700}
{"lr": 0.009943806960042344, "data_time": 0.0340519905090332, "loss": 3.4550544023513794, "decode.loss_sem_p": 0.18667639270424843, "decode.loss_sem_i": 0.7955697178840637, "decode.loss_bd_laplacian": 1.386643636226654, "decode.loss_sem_bd": 1.086164617538452, "decode.acc_seg": 90.19066619873047, "time": 0.45465037822723386, "iter": 750, "memory": 6812, "step": 750}
{"lr": 0.009940054501379074, "data_time": 0.03311500549316406, "loss": 3.4822957277297975, "decode.loss_sem_p": 0.21676441580057143, "decode.loss_sem_i": 0.7895028054714203, "decode.loss_bd_laplacian": 1.4022763133049012, "decode.loss_sem_bd": 1.0737521946430206, "decode.acc_seg": 90.07646179199219, "time": 0.45428683757781985, "iter": 800, "memory": 6810, "step": 800}
{"lr": 0.009936301885310713, "data_time": 0.030850601196289063, "loss": 3.593267321586609, "decode.loss_sem_p": 0.2319682464003563, "decode.loss_sem_i": 0.9031709253787994, "decode.loss_bd_laplacian": 1.3997240900993346, "decode.loss_sem_bd": 1.0584040999412536, "decode.acc_seg": 84.22921752929688, "time": 0.45046300888061525, "iter": 850, "memory": 6810, "step": 850}
{"lr": 0.009932549111764603, "data_time": 0.03138453960418701, "loss": 3.6181228160858154, "decode.loss_sem_p": 0.2273659273982048, "decode.loss_sem_i": 0.885215163230896, "decode.loss_bd_laplacian": 1.4302525997161866, "decode.loss_sem_bd": 1.0752891540527343, "decode.acc_seg": 88.42169189453125, "time": 0.4515607118606567, "iter": 900, "memory": 6810, "step": 900}
{"lr": 0.00992879618066801, "data_time": 0.03283698558807373, "loss": 3.536361074447632, "decode.loss_sem_p": 0.207277350127697, "decode.loss_sem_i": 0.8412458300590515, "decode.loss_bd_laplacian": 1.4153083086013794, "decode.loss_sem_bd": 1.0725295960903167, "decode.acc_seg": 93.10442352294922, "time": 0.45519778728485105, "iter": 950, "memory": 6810, "step": 950}
{"lr": 0.009925043091948148, "data_time": 0.033879995346069336, "loss": 3.396954894065857, "decode.loss_sem_p": 0.22050681859254836, "decode.loss_sem_i": 0.7846025228500366, "decode.loss_bd_laplacian": 1.3663353443145752, "decode.loss_sem_bd": 1.0255102217197418, "decode.acc_seg": 94.04560852050781, "time": 0.45477895736694335, "iter": 1000, "memory": 6810, "step": 1000}
