{"lr": 0.009996324894330994, "data_time": 0.02767934799194336, "loss": 4.522543096542359, "decode.loss_sem_p": 0.5953378796577453, "decode.loss_sem_i": 1.4437747836112975, "decode.loss_bd": 0.8062962830066681, "decode.loss_sem_bd": 1.677134132385254, "decode.acc_seg": 76.46575164794922, "time": 0.8121222734451294, "iter": 50, "memory": 6887, "step": 50}
{"lr": 0.009992574631745419, "data_time": 0.028691029548645018, "loss": 3.53666410446167, "decode.loss_sem_p": 0.4112992763519287, "decode.loss_sem_i": 1.076121735572815, "decode.loss_bd": 0.6390485793352128, "decode.loss_sem_bd": 1.4101945161819458, "decode.acc_seg": 76.30045318603516, "time": 0.8207664012908935, "iter": 100, "memory": 6817, "step": 100}
{"lr": 0.009988824212765325, "data_time": 0.029610157012939453, "loss": 3.4823339700698854, "decode.loss_sem_p": 0.3898407995700836, "decode.loss_sem_i": 1.173524898290634, "decode.loss_bd": 0.610663989186287, "decode.loss_sem_bd": 1.3083043098449707, "decode.acc_seg": 77.91434478759766, "time": 0.8311530828475953, "iter": 150, "memory": 6815, "step": 150}
{"lr": 0.009985073637318917, "data_time": 0.028870248794555665, "loss": 3.1772748708724974, "decode.loss_sem_p": 0.28440956920385363, "decode.loss_sem_i": 0.9949698567390441, "decode.loss_bd": 0.5533501029014587, "decode.loss_sem_bd": 1.344545340538025, "decode.acc_seg": 85.47859954833984, "time": 0.8269376993179322, "iter": 200, "memory": 6811, "step": 200}
{"lr": 0.009981322905334366, "data_time": 0.028101468086242677, "loss": 3.3874067783355715, "decode.loss_sem_p": 0.3678645774722099, "decode.loss_sem_i": 1.1315829396247863, "decode.loss_bd": 0.6000268638134003, "decode.loss_sem_bd": 1.2879324793815612, "decode.acc_seg": 84.50332641601562, "time": 0.8206199169158935, "iter": 250, "memory": 6813, "step": 250}
{"lr": 0.00997757201673978, "data_time": 0.028192758560180664, "loss": 3.0963706731796266, "decode.loss_sem_p": 0.3120938703417778, "decode.loss_sem_i": 1.030935138463974, "decode.loss_bd": 0.5385064333677292, "decode.loss_sem_bd": 1.214835262298584, "decode.acc_seg": 81.18036651611328, "time": 0.8387000083923339, "iter": 300, "memory": 6812, "step": 300}
{"lr": 0.009973820971463187, "data_time": 0.028501677513122558, "loss": 2.8138646364212034, "decode.loss_sem_p": 0.2915953889489174, "decode.loss_sem_i": 0.8295726895332336, "decode.loss_bd": 0.5378500670194626, "decode.loss_sem_bd": 1.1548465013504028, "decode.acc_seg": 83.42671966552734, "time": 0.8156586170196534, "iter": 350, "memory": 6814, "step": 350}
{"lr": 0.009970069769432578, "data_time": 0.028851771354675294, "loss": 2.784737539291382, "decode.loss_sem_p": 0.26579771637916566, "decode.loss_sem_i": 0.8498362362384796, "decode.loss_bd": 0.5272359937429428, "decode.loss_sem_bd": 1.141867607831955, "decode.acc_seg": 93.01840209960938, "time": 0.8133703231811523, "iter": 400, "memory": 6815, "step": 400}
{"lr": 0.009966318410575863, "data_time": 0.028708004951477052, "loss": 2.7247323274612425, "decode.loss_sem_p": 0.24296133667230607, "decode.loss_sem_i": 0.8872563004493713, "decode.loss_bd": 0.499394953250885, "decode.loss_sem_bd": 1.0951197683811187, "decode.acc_seg": 87.94035339355469, "time": 0.8168404340744019, "iter": 450, "memory": 6811, "step": 450}
{"lr": 0.009962566894820878, "data_time": 0.029219913482666015, "loss": 2.8307982444763184, "decode.loss_sem_p": 0.2719846338033676, "decode.loss_sem_i": 0.9263122141361236, "decode.loss_bd": 0.5120606005191803, "decode.loss_sem_bd": 1.1204407870769502, "decode.acc_seg": 90.76298522949219, "time": 0.807131004333496, "iter": 500, "memory": 6811, "step": 500}
{"lr": 0.00995881522209543, "data_time": 0.02642514705657959, "loss": 2.842732787132263, "decode.loss_sem_p": 0.23693792074918746, "decode.loss_sem_i": 0.9164038062095642, "decode.loss_bd": 0.561798220872879, "decode.loss_sem_bd": 1.127592819929123, "decode.acc_seg": 89.8885726928711, "time": 0.670428991317749, "iter": 550, "memory": 6811, "step": 550}
{"lr": 0.009955063392327221, "data_time": 0.029413914680480956, "loss": 2.962969732284546, "decode.loss_sem_p": 0.27755011767148974, "decode.loss_sem_i": 0.9685807883739471, "decode.loss_bd": 0.5482768952846527, "decode.loss_sem_bd": 1.1685618996620177, "decode.acc_seg": 85.06156921386719, "time": 0.8280201911926269, "iter": 600, "memory": 6811, "step": 600}
{"lr": 0.009951311405443917, "data_time": 0.027525949478149413, "loss": 2.608301043510437, "decode.loss_sem_p": 0.2411253720521927, "decode.loss_sem_i": 0.8220804333686829, "decode.loss_bd": 0.5020676761865616, "decode.loss_sem_bd": 1.043027526140213, "decode.acc_seg": 91.77178192138672, "time": 0.8225489854812622, "iter": 650, "memory": 6810, "step": 650}
{"lr": 0.00994755926137311, "data_time": 0.028281044960021973, "loss": 2.557629871368408, "decode.loss_sem_p": 0.24188352078199388, "decode.loss_sem_i": 0.8158088266849518, "decode.loss_bd": 0.46630559861660004, "decode.loss_sem_bd": 1.033631932735443, "decode.acc_seg": 79.83151245117188, "time": 0.8136743068695068, "iter": 700, "memory": 6808, "step": 700}
{"lr": 0.009943806960042344, "data_time": 0.02904970645904541, "loss": 2.657686877250671, "decode.loss_sem_p": 0.2211860239505768, "decode.loss_sem_i": 0.8555900812149048, "decode.loss_bd": 0.4846805572509766, "decode.loss_sem_bd": 1.0962302029132842, "decode.acc_seg": 89.06697845458984, "time": 0.826874852180481, "iter": 750, "memory": 6812, "step": 750}
{"lr": 0.009940054501379074, "data_time": 0.02871410846710205, "loss": 2.562301003932953, "decode.loss_sem_p": 0.2336033582687378, "decode.loss_sem_i": 0.8392861187458038, "decode.loss_bd": 0.44320749044418334, "decode.loss_sem_bd": 1.0462040662765504, "decode.acc_seg": 87.320556640625, "time": 0.8377991199493409, "iter": 800, "memory": 6808, "step": 800}
{"lr": 0.009936301885310713, "data_time": 0.030064153671264648, "loss": 2.6317753076553343, "decode.loss_sem_p": 0.25864479690790176, "decode.loss_sem_i": 0.9206241428852081, "decode.loss_bd": 0.4184699386358261, "decode.loss_sem_bd": 1.0340364754199982, "decode.acc_seg": 85.52047729492188, "time": 0.8487095594406128, "iter": 850, "memory": 6810, "step": 850}
{"lr": 0.009932549111764603, "data_time": 0.02773754596710205, "loss": 2.7648332834243776, "decode.loss_sem_p": 0.24159722328186034, "decode.loss_sem_i": 0.893613189458847, "decode.loss_bd": 0.5168303817510604, "decode.loss_sem_bd": 1.112792468070984, "decode.acc_seg": 87.89810943603516, "time": 0.8156851530075073, "iter": 900, "memory": 6809, "step": 900}
{"lr": 0.00992879618066801, "data_time": 0.026939892768859865, "loss": 2.715385890007019, "decode.loss_sem_p": 0.21583964675664902, "decode.loss_sem_i": 0.9161410510540009, "decode.loss_bd": 0.48162448704242705, "decode.loss_sem_bd": 1.1017807126045227, "decode.acc_seg": 91.52230834960938, "time": 0.8116060256958008, "iter": 950, "memory": 6810, "step": 950}
{"lr": 0.009925043091948148, "data_time": 0.028047728538513183, "loss": 2.3593339204788206, "decode.loss_sem_p": 0.17440791577100753, "decode.loss_sem_i": 0.7342292010784149, "decode.loss_bd": 0.4504464864730835, "decode.loss_sem_bd": 1.0002503454685212, "decode.acc_seg": 92.34972381591797, "time": 0.804397439956665, "iter": 1000, "memory": 6809, "step": 1000}
{"lr": 0.009921289845532165, "data_time": 0.028118824958801268, "loss": 2.437699782848358, "decode.loss_sem_p": 0.1821007288992405, "decode.loss_sem_i": 0.8008733630180359, "decode.loss_bd": 0.4828215777873993, "decode.loss_sem_bd": 0.9719040632247925, "decode.acc_seg": 90.62821960449219, "time": 0.8079525232315063, "iter": 1050, "memory": 6807, "step": 1050}
{"lr": 0.00991753644134713, "data_time": 0.027656245231628417, "loss": 2.650821852684021, "decode.loss_sem_p": 0.22782885134220124, "decode.loss_sem_i": 1.0003847539424897, "decode.loss_bd": 0.44325371980667116, "decode.loss_sem_bd": 0.9793545067310333, "decode.acc_seg": 84.48145294189453, "time": 0.8029459714889526, "iter": 1100, "memory": 6808, "step": 1100}
{"lr": 0.009913782879320092, "data_time": 0.02758135795593262,